date,el empleo,colombia flights,desempleo,industria,comercio,paro,inflacion,tasa de cambio,dolar ,credito,precios,compra,tasa de interes,riesgo politico,petroleo,elecciones,manifestaciones,inversion,crisis economica,clima,lluvias,derrumbes,prima de riesgo,incertidumbre,fenomeno del niño,construcción,carbon,café,hoteles,restaurantes,turismo,vuelos,cine,apuestas,apuestas en línea,arriendo,poliza,eps,concierto,carnes,corabastos,cultivos,gasolina,diesel,fenomeno de la niña
1/1/2004,40,0,25,65,66,2,53,58,4,39,49,97,40,100,50,1,17,31,18,3,32,0,0,0,0,75,40,17,79,47,96,4,46,11,0,14,0,7,30,93,56,33,20,43,0
2/1/2004,25,0,41,77,88,2,68,100,6,41,44,76,97,0,53,1,26,69,0,5,0,0,55,100,0,68,42,21,62,42,88,1,29,3,0,9,21,7,34,29,39,62,29,34,0
3/1/2004,22,0,61,100,87,0,58,50,6,40,56,76,43,53,95,2,23,88,66,6,53,97,0,56,0,71,84,20,55,35,87,2,36,8,0,6,33,7,40,26,0,88,20,61,100
4/1/2004,26,12,62,92,87,1,57,76,3,34,54,82,54,0,100,1,28,100,28,5,35,44,0,0,28,86,74,35,52,33,80,1,37,8,0,7,42,6,38,70,80,63,52,74,0
5/1/2004,33,0,57,90,100,2,67,82,4,47,46,88,82,0,99,1,25,92,73,5,34,38,47,25,13,93,68,30,60,34,81,1,38,7,0,7,36,4,24,100,18,100,40,54,0
6/1/2004,29,0,47,72,78,1,33,59,3,43,47,82,52,44,83,1,34,63,24,4,41,0,0,36,6,79,58,17,81,37,100,7,39,6,0,6,0,6,24,82,16,67,44,46,0
7/1/2004,26,0,43,81,72,1,36,46,3,39,42,65,65,0,87,1,9,50,32,6,31,0,0,24,22,56,59,42,70,30,83,10,41,8,0,13,19,6,50,98,0,69,45,71,0
8/1/2004,32,20,56,73,97,3,75,67,4,36,46,71,59,0,96,1,24,50,81,6,48,0,0,0,16,85,62,30,59,28,76,5,36,4,0,8,35,6,53,71,22,71,33,68,0
9/1/2004,26,0,60,76,89,5,67,55,4,60,44,89,59,0,95,1,34,63,34,5,23,0,0,51,0,65,78,33,51,45,78,4,34,4,0,9,65,6,50,64,29,68,33,77,0
10/1/2004,27,12,64,84,91,4,70,86,4,51,51,74,52,50,82,2,30,85,17,5,33,71,0,55,5,100,75,40,60,34,84,4,36,5,0,9,27,5,51,72,31,70,47,70,0
11/1/2004,31,0,45,83,81,3,57,74,5,56,48,80,59,66,68,6,23,83,53,5,63,58,83,41,0,79,71,15,73,37,91,3,36,6,0,9,0,7,44,59,35,62,47,67,0
12/1/2004,32,0,5,48,48,1,22,63,4,55,45,69,18,0,36,1,9,60,0,3,0,0,0,0,16,70,48,20,90,48,89,8,39,7,0,9,41,4,37,65,0,52,50,100,0
1/1/2005,58,9,14,57,63,2,42,52,4,62,44,79,38,0,27,1,18,46,0,4,0,0,0,0,0,67,53,17,93,42,97,9,34,4,0,24,0,9,29,41,27,31,36,72,0
2/1/2005,53,11,37,81,95,1,67,76,4,52,47,66,41,28,81,1,38,62,30,5,34,0,0,76,11,66,58,24,61,34,75,6,28,5,0,12,20,7,31,66,0,60,31,55,0
3/1/2005,46,15,44,90,84,2,71,79,4,46,40,77,52,28,86,1,31,66,35,5,86,49,0,52,7,96,78,25,65,35,85,6,32,5,0,10,0,5,34,49,14,60,53,57,0
4/1/2005,40,16,51,79,78,3,67,91,4,46,48,85,66,0,82,1,31,74,36,5,84,0,23,47,12,75,57,28,54,29,65,4,30,7,0,9,37,6,27,57,28,56,48,68,0
5/1/2005,40,12,53,74,72,1,61,79,3,56,45,74,100,0,87,1,28,65,21,6,89,0,0,40,23,91,68,28,61,37,76,5,33,5,31,7,28,7,34,51,31,81,42,68,0
6/1/2005,46,0,34,59,72,0,40,51,3,59,41,78,46,0,59,1,6,44,16,5,36,0,0,51,0,92,66,23,83,32,90,6,35,7,22,18,30,8,38,82,60,51,42,66,0
7/1/2005,50,0,20,55,56,2,31,51,5,59,37,91,42,56,53,0,20,41,19,4,50,0,0,13,0,61,45,43,72,39,74,7,33,8,0,21,16,9,65,62,30,58,31,63,0
8/1/2005,45,13,36,61,73,2,67,59,4,49,43,75,50,0,87,0,13,68,38,4,53,0,0,58,16,53,68,31,68,32,73,6,31,5,0,12,22,7,68,52,33,57,41,58,0
9/1/2005,43,11,39,71,69,1,65,70,5,54,46,83,56,0,74,1,34,66,6,5,56,51,0,50,6,84,61,23,68,38,72,5,29,7,0,10,31,7,79,57,39,64,47,59,0
10/1/2005,39,4,37,75,69,4,54,55,4,52,43,72,86,0,76,1,36,54,27,6,98,0,28,46,5,87,62,18,73,41,74,5,31,6,18,12,11,8,94,73,17,63,32,69,0
11/1/2005,33,0,34,67,66,2,45,57,4,52,43,70,69,23,66,2,20,68,27,4,34,0,0,28,6,64,61,24,80,36,74,6,31,5,100,11,41,6,30,61,10,55,46,57,39
12/1/2005,37,13,12,32,41,1,23,52,4,52,41,81,32,32,30,2,11,41,17,2,17,0,0,28,0,50,29,22,100,41,82,8,36,11,0,16,30,6,35,77,32,17,28,91,0
1/1/2006,84,20,20,48,50,1,38,53,3,65,44,90,21,27,36,4,0,38,20,3,0,0,0,39,0,41,24,26,99,42,80,8,39,10,0,28,29,8,24,58,24,34,28,56,0
2/1/2006,52,0,25,65,67,1,53,63,3,59,42,75,59,0,48,7,36,52,22,4,13,0,0,57,5,56,57,18,59,34,66,4,28,5,0,14,66,8,36,61,20,41,43,57,0
3/1/2006,46,0,36,68,70,2,100,61,4,61,41,76,74,0,64,21,22,55,24,5,34,0,0,33,8,54,49,27,63,40,77,4,29,8,0,17,35,7,42,62,14,51,33,63,0
4/1/2006,43,13,32,60,56,1,81,51,4,61,39,67,62,0,63,5,31,62,22,5,41,37,0,33,10,49,48,18,63,32,72,5,30,4,0,13,26,8,30,62,24,56,34,55,0
5/1/2006,42,10,35,61,58,14,76,58,4,65,43,82,61,20,73,13,25,56,25,5,44,31,0,32,20,67,55,21,56,34,55,4,33,7,0,13,29,7,33,65,17,56,36,60,0
6/1/2006,49,13,21,44,48,3,29,40,5,59,38,68,42,0,52,5,18,42,11,4,35,26,16,25,6,35,47,21,72,35,66,6,32,8,0,17,27,8,20,61,34,37,28,54,0
7/1/2006,57,17,12,44,48,1,25,48,5,67,40,82,36,0,45,1,17,35,13,4,29,0,39,0,0,42,43,16,79,43,64,6,31,10,0,20,12,9,47,44,9,40,27,53,0
8/1/2006,50,12,25,53,56,1,44,53,4,62,39,73,62,0,65,1,21,47,24,4,35,0,43,50,9,57,47,27,63,34,62,6,28,6,0,14,24,8,49,57,26,42,30,58,0
9/1/2006,54,16,30,57,51,1,42,51,4,60,38,72,61,0,56,1,21,54,9,4,39,0,0,31,37,55,56,20,61,39,58,6,25,6,12,11,39,7,60,55,14,40,23,51,0
10/1/2006,55,15,28,57,51,1,42,56,4,57,40,87,55,35,68,1,20,57,28,5,44,0,10,18,100,50,65,21,74,41,61,5,30,6,13,15,40,8,41,57,24,40,25,53,31
11/1/2006,52,14,28,46,46,2,36,60,4,59,40,75,59,20,52,3,12,44,19,4,28,20,0,23,26,53,100,13,67,38,55,6,28,6,0,18,46,7,52,52,18,35,27,57,20
12/1/2006,41,13,5,26,27,1,10,49,5,64,34,63,22,0,16,2,7,20,7,2,10,0,71,0,2,21,89,16,77,35,56,7,32,9,0,15,6,5,33,55,14,16,23,58,0
1/1/2007,82,14,9,38,39,1,32,48,5,74,40,78,49,0,26,1,7,26,4,3,12,0,0,22,7,29,72,16,79,29,66,7,38,6,0,28,22,12,23,38,16,18,17,57,14
2/1/2007,62,16,18,47,48,1,42,54,5,62,36,71,51,0,39,1,27,48,11,4,38,18,0,56,14,38,59,15,53,29,54,5,28,10,0,15,27,10,39,40,21,35,23,46,0
3/1/2007,57,8,24,48,54,3,46,67,5,55,33,67,48,7,38,2,20,44,19,4,27,11,0,34,9,46,66,16,61,30,53,6,30,6,0,14,34,10,60,49,26,36,31,47,34
4/1/2007,62,4,23,49,45,2,47,55,5,61,37,68,64,0,44,2,18,48,18,4,33,0,0,33,10,38,57,11,55,30,51,6,32,8,0,15,15,8,39,62,17,41,21,49,0
5/1/2007,55,0,32,46,42,10,49,62,7,66,38,71,48,0,60,2,26,55,20,5,38,11,0,22,11,58,58,16,54,38,50,5,30,7,9,15,34,9,31,44,17,42,25,45,0
6/1/2007,59,0,17,35,34,4,28,67,8,70,36,63,46,0,40,1,17,34,13,4,29,0,0,17,9,32,58,16,70,32,53,7,32,8,12,17,21,9,35,56,9,32,24,54,0
7/1/2007,62,10,12,37,32,3,23,45,6,67,30,65,38,9,38,2,6,26,13,4,22,6,0,26,6,32,52,12,61,33,48,7,44,7,0,16,25,9,44,36,7,28,24,46,0
8/1/2007,60,10,21,44,43,1,36,58,6,64,30,77,54,0,55,3,19,37,16,5,41,12,11,45,11,36,58,13,56,32,51,6,25,10,0,15,23,9,45,36,100,36,28,45,0
9/1/2007,56,8,24,46,39,1,39,49,6,60,34,73,54,0,50,4,18,43,19,4,43,9,0,35,8,36,55,11,54,35,47,6,23,8,0,14,35,9,60,47,25,38,25,37,0
10/1/2007,55,0,25,43,40,1,36,50,5,64,32,66,51,0,52,23,25,45,15,5,36,7,0,30,7,39,57,12,58,33,49,7,23,9,0,15,25,9,41,55,22,34,25,44,0
11/1/2007,51,13,22,37,38,1,35,48,5,67,38,67,51,0,45,10,22,42,18,4,51,17,0,31,7,37,57,12,56,34,44,6,23,9,0,17,27,8,54,54,12,31,26,47,0
12/1/2007,50,5,7,22,21,1,14,36,6,63,31,59,27,0,18,1,7,22,10,2,21,8,0,20,0,25,47,11,62,37,41,8,29,11,0,17,17,8,51,49,9,14,22,53,0
1/1/2008,81,7,9,29,30,1,29,46,6,69,35,65,30,0,27,1,7,25,4,2,17,9,0,15,2,23,47,10,70,31,44,8,36,12,0,28,31,11,25,44,13,13,25,43,0
2/1/2008,64,16,19,33,43,2,41,50,5,55,33,58,58,0,40,1,22,42,14,3,27,7,0,41,6,30,48,11,49,29,46,5,24,9,0,18,25,11,36,42,17,24,25,37,0
3/1/2008,56,17,17,41,49,1,37,47,6,51,33,61,52,0,49,1,18,41,20,4,24,9,0,40,4,35,49,12,50,32,45,6,26,9,0,15,23,10,89,38,19,27,25,45,0
4/1/2008,56,9,17,42,45,2,37,63,6,55,34,61,49,0,48,1,19,40,15,4,36,14,0,24,7,33,53,9,45,29,43,7,22,9,5,15,29,12,73,47,19,32,24,44,0
5/1/2008,59,11,22,41,40,2,41,62,6,57,35,54,51,0,57,1,17,40,19,5,43,24,0,23,8,40,53,12,48,37,41,7,24,12,0,14,28,10,57,51,15,31,27,43,0
6/1/2008,56,7,12,28,28,3,26,57,8,56,33,51,39,0,43,1,12,26,13,4,26,23,0,20,4,29,49,10,52,32,41,7,32,10,0,15,38,11,35,38,22,24,28,46,0
7/1/2008,63,18,8,31,31,1,21,47,8,55,31,55,42,0,46,1,14,25,13,4,28,11,0,18,4,25,46,11,50,29,36,7,38,10,0,17,31,19,59,40,19,21,23,38,0
8/1/2008,57,12,17,32,36,6,35,44,6,52,33,56,55,4,52,1,17,35,22,4,36,4,0,35,5,31,51,8,53,33,43,6,26,13,4,15,21,19,47,40,14,28,23,37,0
9/1/2008,58,15,17,38,40,8,33,53,8,56,33,62,52,0,48,1,17,42,32,4,30,9,0,30,6,30,55,14,48,37,41,7,22,12,0,16,33,16,63,40,15,29,21,42,0
10/1/2008,56,20,21,35,32,14,29,49,8,55,37,59,49,0,48,2,19,38,100,4,37,0,5,20,5,25,51,10,50,35,42,6,25,12,0,15,31,14,48,42,19,29,23,42,0
11/1/2008,47,17,16,30,28,3,27,52,6,54,35,54,35,0,37,6,16,40,74,3,28,37,8,18,1,25,49,12,48,35,34,6,27,10,0,15,24,13,59,41,5,20,23,37,0
12/1/2008,49,10,4,19,20,2,12,48,6,55,34,52,27,0,21,0,4,20,20,2,18,13,12,14,1,20,40,7,57,40,29,7,28,14,0,18,20,12,80,47,17,10,19,54,0
1/1/2009,83,21,8,24,25,1,19,48,7,74,37,60,35,0,22,0,6,20,23,2,10,4,0,6,1,19,37,10,59,33,37,7,45,13,0,26,35,18,46,42,13,11,22,42,0
2/1/2009,67,21,16,37,41,1,31,52,7,61,37,58,38,0,35,1,18,35,87,3,26,5,5,41,2,30,44,11,45,32,31,6,26,12,0,18,34,16,44,44,10,24,24,36,0
3/1/2009,62,20,22,41,44,2,28,49,7,53,35,59,44,9,37,1,18,32,87,4,29,8,6,39,5,26,52,9,47,31,39,7,27,14,0,16,34,15,66,49,17,27,21,35,14
4/1/2009,63,22,16,35,37,4,23,46,7,50,36,59,48,0,32,1,15,37,83,4,21,24,0,25,4,26,48,8,50,34,42,8,40,15,7,17,43,19,47,46,12,24,25,41,0
5/1/2009,62,18,20,37,35,2,28,45,6,53,37,57,50,0,38,1,17,41,94,3,21,4,13,23,5,24,42,10,44,35,38,7,37,12,4,16,31,17,33,54,8,27,26,44,0
6/1/2009,61,24,12,25,29,1,19,48,8,56,35,51,36,0,25,1,10,25,38,3,14,12,12,14,3,28,43,8,57,36,41,9,45,12,0,19,35,19,29,43,9,20,17,44,5
7/1/2009,67,22,9,25,29,1,14,49,7,56,37,54,40,0,31,1,9,23,39,3,17,0,7,13,1,21,43,9,52,36,43,10,53,14,0,21,30,21,64,41,11,20,19,41,0
8/1/2009,58,23,15,32,37,1,27,47,7,50,35,55,47,0,40,1,9,35,51,3,21,0,5,28,4,24,40,7,47,35,38,9,33,14,0,19,25,19,56,41,11,23,20,40,0
9/1/2009,53,19,18,34,37,1,30,45,6,50,37,65,44,0,35,2,14,36,44,3,27,0,19,28,13,23,45,9,46,38,40,9,26,16,0,17,33,20,75,49,13,23,24,42,0
10/1/2009,44,16,19,31,34,3,35,54,7,46,36,56,48,0,35,1,16,37,41,4,27,7,11,24,19,21,38,6,50,39,41,10,37,17,0,20,34,20,54,48,11,22,19,44,0
11/1/2009,42,24,19,35,33,1,29,48,7,49,42,58,49,0,30,1,16,39,40,3,24,12,9,22,7,27,42,7,53,45,41,11,52,19,0,21,37,22,55,52,17,25,21,50,0
12/1/2009,38,17,5,21,22,1,12,43,6,45,45,54,23,0,11,1,1,17,11,2,13,8,0,8,8,17,32,6,65,46,40,11,62,26,13,22,24,24,44,57,11,9,21,58,0
1/1/2010,63,22,5,24,25,1,26,46,7,48,52,62,33,0,15,2,5,20,5,2,21,10,9,12,16,15,34,5,62,36,47,13,72,24,0,34,31,33,36,37,12,12,20,39,0
2/1/2010,50,25,17,37,44,1,26,43,6,45,43,58,39,0,31,3,17,36,29,3,24,0,4,42,24,26,40,7,50,32,41,10,45,19,0,24,45,29,48,45,15,18,25,43,0
3/1/2010,43,19,15,39,40,22,22,43,5,41,39,55,36,6,26,25,14,35,22,3,22,5,0,26,10,22,33,7,51,35,41,10,49,19,0,20,35,28,76,46,3,18,21,41,0
4/1/2010,47,22,15,39,42,2,25,37,5,44,43,58,52,0,33,5,13,39,26,4,29,10,9,25,9,24,42,7,48,42,45,11,46,20,0,22,33,27,67,45,10,27,23,47,0
5/1/2010,40,23,20,36,36,1,26,41,6,45,43,55,43,8,51,13,16,36,33,4,26,13,11,23,9,28,40,8,46,38,36,10,42,19,0,21,36,24,52,51,10,22,25,41,0
6/1/2010,45,26,13,26,28,2,17,40,6,48,44,51,37,0,36,8,11,28,15,3,19,10,11,14,3,21,38,6,57,40,40,12,59,19,0,25,33,26,58,46,10,17,21,47,17
7/1/2010,48,21,9,26,25,1,12,39,6,45,41,51,32,0,31,1,9,23,14,3,18,13,0,15,4,20,29,8,53,37,35,11,59,19,0,26,25,27,49,49,12,13,21,45,0
8/1/2010,47,19,15,31,35,2,23,42,6,44,40,55,50,0,34,1,12,33,29,3,33,5,5,31,6,25,43,9,50,34,38,10,40,19,0,25,46,24,40,47,13,18,23,42,0
9/1/2010,51,17,16,35,36,1,20,54,6,44,42,57,44,0,32,1,14,37,21,3,29,9,4,27,5,27,42,8,49,39,38,10,38,18,0,24,39,25,53,50,11,17,22,40,19
10/1/2010,43,21,15,31,30,2,22,49,6,45,43,61,51,0,32,1,15,37,21,3,35,36,0,23,6,30,44,9,53,38,39,11,47,18,0,25,42,23,38,56,11,15,23,45,23
11/1/2010,41,22,14,28,30,1,21,52,6,42,43,57,47,6,28,1,11,39,19,4,47,28,0,15,4,23,40,11,51,42,41,12,51,16,0,26,39,26,32,43,20,16,24,44,19
12/1/2010,37,18,5,19,21,1,8,42,7,39,43,50,22,0,12,1,3,17,4,3,70,100,0,8,3,18,33,7,49,52,32,14,50,21,0,25,30,26,34,52,0,7,22,52,31
1/1/2011,58,22,5,17,20,1,14,29,5,34,46,47,23,0,14,1,5,15,5,2,23,8,1,12,2,15,25,7,56,34,30,10,59,19,3,32,28,30,24,35,9,8,19,39,23
2/1/2011,47,21,12,26,32,14,21,37,5,33,43,48,36,0,30,1,22,28,18,3,24,8,5,30,4,21,35,6,38,32,27,8,33,18,0,21,29,26,33,41,14,15,21,38,26
3/1/2011,39,22,13,33,40,2,19,30,4,31,40,46,34,2,34,1,16,32,21,3,29,14,3,25,6,26,32,7,37,31,28,7,35,18,0,19,29,25,55,42,8,17,24,34,36
4/1/2011,35,20,11,25,29,2,16,29,5,29,39,44,33,0,29,1,13,27,15,3,43,71,4,22,4,24,31,6,40,32,26,8,43,18,0,19,30,24,40,44,9,16,23,38,34
5/1/2011,41,23,14,26,30,2,19,37,6,35,42,45,38,2,35,2,14,32,19,4,42,36,7,23,7,26,37,8,38,34,26,8,41,17,0,20,28,29,44,50,10,18,25,39,57
6/1/2011,43,21,8,19,24,1,10,33,5,34,45,42,32,0,26,1,9,20,9,3,24,19,7,14,3,19,30,8,53,34,26,9,44,17,1,21,30,26,27,41,9,13,24,40,21
7/1/2011,34,21,7,19,22,1,9,34,4,29,42,45,23,0,26,1,8,19,12,3,19,10,2,14,2,18,31,7,43,32,23,8,52,16,0,22,24,27,35,36,8,13,22,40,12
8/1/2011,36,18,12,24,28,4,17,36,5,33,43,46,38,0,35,2,13,28,37,4,25,7,11,34,4,23,37,8,44,32,27,8,42,15,0,22,30,32,39,43,10,17,27,40,20
9/1/2011,35,23,12,24,26,3,16,34,5,31,38,45,32,2,32,2,13,28,20,3,25,10,12,26,4,26,36,8,41,33,27,7,38,13,0,20,28,29,53,48,6,15,25,39,23
10/1/2011,34,21,11,21,26,11,16,36,6,32,40,46,34,2,33,27,14,28,23,4,34,24,8,22,4,26,36,9,44,34,29,8,43,14,1,21,28,26,30,47,8,15,22,38,20
11/1/2011,39,16,11,20,26,8,15,35,6,34,44,46,32,2,29,15,13,25,22,3,34,32,8,18,3,24,32,8,44,35,25,8,47,16,0,24,31,23,34,46,10,12,23,41,23
12/1/2011,32,17,6,13,17,1,8,29,5,28,42,45,19,1,13,1,4,15,7,2,23,44,4,12,1,15,26,6,46,40,22,10,44,19,0,22,25,21,31,63,6,6,24,50,18
1/1/2012,69,19,6,19,23,3,15,31,7,35,48,50,25,0,17,1,5,18,8,2,14,9,25,14,1,16,27,7,60,38,30,11,54,18,0,44,29,31,25,41,10,8,20,41,7
2/1/2012,56,22,11,25,31,2,20,39,7,35,38,50,39,1,27,1,16,27,21,3,20,9,100,29,3,25,34,6,40,33,26,8,36,13,3,31,30,28,28,44,7,13,25,38,18
3/1/2012,53,21,11,33,36,4,17,34,6,37,40,51,31,2,27,1,16,27,18,4,29,8,9,28,3,26,36,6,40,32,27,8,41,13,0,27,28,25,40,42,11,14,29,36,23
4/1/2012,50,18,10,27,30,2,15,29,5,35,41,53,31,2,26,1,12,24,16,4,30,11,4,28,3,30,42,8,40,34,25,8,50,13,0,24,32,22,73,43,13,14,25,39,12
5/1/2012,51,21,12,30,32,4,18,33,5,31,43,63,34,0,31,1,13,29,22,4,30,13,7,26,3,30,35,8,39,36,28,8,39,14,0,25,34,26,46,51,14,18,25,37,18
6/1/2012,61,21,9,18,23,2,11,29,5,39,52,60,32,0,25,1,8,22,14,3,18,7,10,17,4,25,28,10,59,37,27,12,52,14,0,28,26,27,46,42,10,13,26,39,11
7/1/2012,63,19,8,21,22,2,10,28,5,39,48,52,30,0,26,1,10,20,16,3,16,8,16,15,5,25,33,8,54,33,24,10,53,14,0,31,30,30,40,40,10,12,24,38,11
8/1/2012,55,18,11,24,27,4,18,33,5,37,42,63,36,2,32,0,11,28,21,3,25,8,16,30,7,28,34,8,47,34,26,10,41,14,0,26,30,26,45,45,13,15,26,36,16
9/1/2012,55,19,11,26,26,3,15,32,5,36,43,61,38,2,31,1,13,29,19,3,24,6,12,27,8,30,33,9,46,36,24,10,38,16,1,29,30,26,52,46,14,15,25,36,18
10/1/2012,58,17,11,23,24,10,14,31,5,39,43,65,31,2,28,5,13,27,17,4,25,5,13,20,6,30,32,9,50,33,26,11,43,15,0,28,31,29,41,42,14,14,25,34,12
11/1/2012,51,18,11,20,21,15,14,31,5,31,44,58,30,0,24,3,12,27,15,3,21,6,8,20,4,30,30,10,48,37,22,11,48,15,0,28,34,28,62,49,8,12,24,42,10
12/1/2012,41,17,4,12,16,4,6,25,5,30,44,52,17,0,12,1,3,13,2,2,10,2,4,12,1,16,24,8,53,40,19,11,47,18,0,22,26,24,32,59,11,6,22,45,3
1/1/2013,84,23,5,17,22,2,13,32,6,40,52,58,30,2,15,0,5,16,5,2,12,6,4,13,1,17,26,8,68,37,25,15,55,17,0,46,34,34,22,39,11,7,25,36,5
2/1/2013,73,21,10,29,30,8,18,36,6,40,44,57,37,1,27,1,16,28,18,3,24,8,9,34,3,29,38,11,45,37,24,11,41,15,2,31,33,29,27,42,16,12,25,35,6
3/1/2013,63,19,9,29,30,17,15,33,5,41,46,63,34,0,26,1,13,25,17,4,21,9,7,26,2,28,31,10,50,39,24,12,53,16,0,29,33,27,43,43,17,13,27,34,5
4/1/2013,68,20,12,31,33,3,16,34,5,39,45,67,45,2,27,7,12,27,19,4,24,2,3,26,3,29,30,9,44,35,23,12,40,14,0,31,34,29,54,47,13,14,24,34,8
5/1/2013,65,19,13,29,26,4,16,35,5,45,47,73,44,1,27,1,13,29,17,4,29,4,5,21,3,31,32,11,46,43,25,13,47,15,1,30,37,29,46,43,16,14,24,36,6
6/1/2013,64,20,8,20,21,2,9,32,7,42,54,68,29,0,22,1,9,23,9,3,20,4,7,13,2,23,31,10,65,48,25,17,68,16,0,33,35,32,36,50,14,12,24,48,4
7/1/2013,75,22,7,22,22,6,9,30,6,44,51,73,32,0,23,1,11,19,11,3,19,5,4,13,2,24,29,11,55,41,23,17,57,16,0,33,40,33,40,42,13,11,24,38,4
8/1/2013,59,20,9,23,24,70,14,32,6,39,48,69,37,2,28,1,21,24,15,4,20,5,5,27,2,27,31,9,47,40,29,17,52,16,0,30,31,29,43,42,16,15,27,37,6
9/1/2013,62,17,10,25,24,23,14,31,6,37,50,69,37,2,27,1,12,25,14,4,24,6,4,24,3,27,32,10,48,45,25,17,45,15,1,30,35,29,47,43,15,14,28,33,5
10/1/2013,61,23,10,24,24,6,14,29,6,40,50,71,36,2,26,1,14,29,15,4,22,8,5,22,2,31,33,10,55,36,28,18,49,16,0,32,41,33,44,44,13,13,26,33,7
11/1/2013,56,17,10,22,21,3,13,31,6,40,54,87,31,2,22,1,10,26,12,4,26,8,2,21,2,29,30,12,53,46,24,18,43,16,0,35,33,30,44,52,15,12,27,35,5
12/1/2013,47,21,4,12,15,2,7,26,5,37,53,71,19,0,11,1,6,15,3,3,15,13,0,10,1,19,26,13,59,50,21,21,48,19,0,31,29,27,39,61,12,6,24,85,0
1/1/2014,84,23,5,19,19,1,11,30,7,43,66,81,28,0,15,2,6,18,3,3,12,4,5,9,0,19,26,11,75,44,26,24,58,17,0,51,36,39,25,40,15,7,26,40,3
2/1/2014,66,20,10,29,29,3,17,32,7,38,48,88,36,0,23,4,21,27,15,4,20,5,3,32,3,30,29,10,48,36,26,16,40,15,0,38,36,39,30,40,14,11,25,33,5
3/1/2014,56,19,11,33,36,5,15,31,7,38,49,93,35,2,24,19,16,25,14,5,28,5,4,28,4,30,30,13,46,42,29,16,50,14,0,34,36,36,56,44,16,14,25,32,9
4/1/2014,58,18,9,27,29,11,13,28,6,38,54,87,35,1,24,3,13,25,12,5,24,10,5,23,8,29,32,13,57,41,25,18,59,15,0,32,39,31,51,49,15,14,26,35,5
5/1/2014,53,24,11,27,26,17,14,28,5,39,51,82,32,0,25,15,14,27,13,5,28,7,6,20,10,29,30,12,45,45,25,16,40,15,0,34,38,31,44,52,17,15,25,33,10
6/1/2014,55,22,8,16,19,2,9,25,5,39,51,77,29,0,19,9,7,20,9,4,18,5,3,15,10,25,28,11,57,41,23,20,54,18,0,34,34,35,25,41,13,10,23,31,7
7/1/2014,68,30,7,21,22,4,8,27,6,39,55,83,30,0,23,1,10,20,8,4,23,6,3,13,25,24,30,12,54,42,25,20,53,18,0,41,41,36,43,44,15,11,25,33,16
8/1/2014,58,22,9,23,24,4,13,26,5,38,57,80,38,1,26,1,11,25,11,4,26,6,2,27,25,30,31,13,53,43,25,18,44,16,0,36,39,31,52,43,13,14,26,33,19
9/1/2014,65,23,11,25,24,2,14,30,6,40,53,85,36,1,25,1,12,26,12,5,27,6,3,23,12,28,31,13,44,45,26,17,40,14,0,33,37,32,53,47,14,14,26,31,10
10/1/2014,62,21,11,24,24,19,13,29,7,41,63,94,36,2,27,1,13,28,10,5,36,7,1,25,7,33,30,13,52,43,26,18,58,15,0,36,35,32,43,49,14,13,26,34,9
11/1/2014,53,18,9,21,20,9,12,29,7,40,58,80,32,3,23,1,9,25,10,4,29,8,3,19,4,27,27,14,50,47,22,17,48,16,0,35,36,35,42,45,14,10,26,35,3
12/1/2014,52,20,4,13,15,7,7,35,14,43,68,91,19,1,24,0,3,14,3,4,15,7,3,9,3,18,26,14,61,53,20,23,57,20,0,34,35,33,49,71,13,6,28,44,1
1/1/2015,100,28,7,19,20,3,12,35,14,49,77,93,28,0,38,1,5,21,4,4,12,4,3,10,9,24,29,15,78,57,28,25,77,20,0,66,39,43,31,51,17,8,31,40,2
2/1/2015,78,22,11,31,29,5,16,35,12,42,61,89,36,2,54,1,16,26,11,4,20,4,0,28,7,30,29,14,46,48,23,18,63,17,0,46,42,40,28,49,18,11,29,33,4
3/1/2015,75,31,11,32,41,12,15,37,15,43,64,89,37,1,39,1,13,28,13,6,30,5,2,26,6,36,29,16,53,55,26,17,48,18,0,41,41,36,42,52,18,13,27,33,5
4/1/2015,71,26,10,29,28,19,14,33,13,43,63,82,36,5,30,2,13,27,11,5,27,8,5,22,4,31,29,15,50,48,23,18,79,20,0,39,44,38,49,55,17,13,26,46,5
5/1/2015,66,26,12,26,23,25,14,36,13,45,62,86,37,0,30,1,12,29,12,5,28,5,4,20,5,36,31,15,46,55,26,19,52,21,2,38,42,35,48,55,17,14,27,36,7
6/1/2015,70,26,8,17,19,4,8,31,12,44,64,88,28,1,22,1,7,21,7,5,22,12,0,13,2,26,27,16,58,49,27,24,70,21,0,41,45,37,49,52,16,10,24,32,2
7/1/2015,77,28,8,20,20,5,8,29,18,47,69,88,30,1,24,2,8,20,11,5,21,9,2,15,3,27,29,16,60,51,23,23,74,20,0,45,43,40,48,52,17,10,26,33,4
8/1/2015,62,33,9,21,22,2,14,39,20,41,59,83,34,2,38,2,11,23,15,5,23,6,3,32,5,31,30,20,51,51,23,20,50,19,0,41,38,36,50,55,16,12,26,32,3
9/1/2015,66,29,11,24,22,2,15,37,19,42,63,86,42,3,31,2,11,27,13,5,26,6,3,27,14,37,32,19,51,54,24,18,48,18,0,43,44,38,50,55,17,13,29,32,9
10/1/2015,56,32,10,23,22,2,13,32,17,45,64,85,37,2,25,35,11,23,11,6,26,6,6,20,15,32,28,18,54,49,24,20,52,19,0,42,40,36,49,55,18,12,27,48,4
11/1/2015,58,35,10,19,21,2,15,34,18,55,70,91,34,2,22,3,9,26,7,5,26,7,3,18,12,34,31,20,55,53,23,21,57,21,1,46,40,40,64,58,17,12,27,38,6
12/1/2015,55,35,5,12,15,2,11,29,18,49,79,84,23,2,18,9,3,15,2,4,11,2,3,7,5,18,29,17,65,64,19,26,62,27,2,44,40,36,60,79,18,6,31,46,1
1/1/2016,78,43,7,15,18,6,17,26,17,47,81,79,32,1,32,1,5,20,5,6,17,3,2,11,26,23,28,16,75,58,26,31,62,25,0,84,41,45,25,51,21,8,31,35,11
2/1/2016,65,32,11,25,28,5,17,29,14,45,63,78,41,2,40,1,17,26,13,5,28,1,4,30,33,36,30,16,46,47,25,19,51,25,0,62,45,41,32,52,19,13,29,33,18
3/1/2016,53,40,10,26,37,18,15,30,16,39,63,74,34,1,31,1,14,23,13,6,29,4,0,21,20,33,28,15,51,47,24,20,58,25,1,46,38,35,52,48,16,14,25,37,12
4/1/2016,59,40,12,32,28,6,16,32,17,41,66,83,41,1,34,1,14,28,12,7,40,7,5,20,13,39,31,14,42,53,22,19,53,33,1,52,48,36,49,57,20,16,27,35,14
5/1/2016,52,43,14,25,23,5,17,29,15,43,67,77,38,1,29,1,13,27,13,7,34,10,4,21,9,40,34,18,44,58,22,22,53,28,0,49,48,36,45,57,22,16,26,32,17
6/1/2016,57,45,10,17,20,17,9,28,16,48,75,79,29,0,21,2,9,22,6,5,26,8,2,12,3,30,27,16,58,50,22,30,73,32,0,50,49,39,30,57,24,11,26,33,10
7/1/2016,56,40,8,17,18,30,9,24,14,51,72,72,32,0,19,1,11,21,6,6,21,5,2,12,4,28,28,15,55,57,23,29,67,27,0,54,48,36,46,54,25,12,30,33,15
8/1/2016,54,38,12,22,23,5,16,27,14,46,63,77,39,1,25,1,12,25,11,6,26,6,5,28,4,37,32,15,46,51,23,24,47,25,0,51,46,39,45,50,22,15,26,30,13
9/1/2016,51,39,12,24,24,4,15,26,13,47,63,80,41,1,25,1,12,28,9,7,34,6,5,25,5,47,33,16,46,57,21,23,41,29,0,52,47,36,44,56,23,16,27,31,14
10/1/2016,54,40,11,30,24,3,13,28,13,43,65,78,37,0,24,2,12,28,10,8,39,37,3,23,4,39,31,18,55,55,24,29,52,30,0,54,45,40,33,55,19,15,27,32,11
11/1/2016,50,40,12,26,25,2,15,32,17,50,69,83,40,1,21,21,11,30,7,8,39,12,3,21,3,39,31,18,55,58,23,30,47,35,0,56,50,39,52,57,24,13,30,35,9
12/1/2016,44,39,6,13,16,1,12,30,17,51,72,79,24,0,13,1,3,17,2,12,23,8,3,9,1,23,29,17,60,77,18,31,54,37,0,53,49,45,41,77,24,7,32,42,4
1/1/2017,68,45,7,18,22,3,16,27,15,56,77,80,33,0,12,1,8,21,3,14,16,9,1,10,1,25,29,18,81,65,28,36,73,35,0,95,67,55,30,57,26,8,31,41,3
2/1/2017,64,39,11,31,29,6,16,29,14,47,71,80,41,1,21,1,16,28,10,14,24,6,1,31,4,37,31,17,47,53,25,25,54,32,0,60,70,48,38,52,25,14,30,46,6
3/1/2017,52,48,13,32,49,3,16,27,12,47,66,76,41,2,21,1,17,28,11,17,47,8,3,26,5,39,31,17,49,54,27,36,58,30,0,50,53,47,39,54,24,15,28,31,9
4/1/2017,47,51,11,25,27,3,12,25,12,46,71,77,37,1,20,1,14,27,9,13,43,25,3,19,4,41,31,19,54,57,25,28,79,35,1,53,52,43,52,57,22,14,28,36,6
5/1/2017,51,44,12,27,26,29,15,28,12,52,64,79,41,2,20,1,13,0,11,9,48,20,5,19,3,41,31,18,44,62,20,30,49,32,0,57,54,45,39,56,23,14,28,32,5
6/1/2017,56,49,8,29,24,42,9,31,15,61,80,89,35,1,16,1,13,26,7,9,27,16,4,14,1,31,32,18,68,73,27,45,74,37,1,65,60,49,45,64,26,11,31,40,1
7/1/2017,57,48,9,21,20,4,9,29,13,54,65,77,34,1,21,1,9,0,8,8,24,10,2,15,2,30,32,20,57,63,24,35,63,30,2,59,51,51,43,53,25,12,29,33,3
8/1/2017,57,44,12,23,24,3,14,27,12,51,72,82,42,2,22,1,13,0,11,7,32,8,4,32,3,38,30,20,49,60,25,34,48,26,1,54,54,55,42,56,25,14,29,71,4
9/1/2017,50,50,13,25,24,6,14,27,11,52,72,90,42,2,22,1,13,0,10,7,33,8,2,28,3,42,31,21,46,63,21,38,54,29,2,57,52,48,41,57,28,16,30,31,5
10/1/2017,48,49,12,23,24,9,13,26,10,51,61,85,43,1,21,2,13,0,10,8,35,11,4,21,3,42,31,21,52,63,25,35,54,30,1,51,53,47,41,54,27,15,30,31,6
11/1/2017,47,57,12,24,24,4,14,30,11,57,77,88,37,2,20,2,10,0,8,8,47,13,5,20,2,44,32,23,52,64,23,35,56,27,0,58,54,48,35,58,29,15,29,36,7
12/1/2017,41,49,6,12,16,2,9,29,13,58,81,86,24,2,11,2,3,0,3,8,23,12,4,9,2,28,33,23,62,79,21,37,65,31,2,52,47,46,43,84,26,6,33,38,12
1/1/2018,74,65,8,20,22,3,16,30,19,62,88,88,32,0,14,3,6,0,3,9,23,21,0,12,2,27,29,24,79,76,29,49,81,26,0,96,64,61,22,58,26,7,32,33,10
2/1/2018,57,57,12,26,28,12,15,34,14,50,68,74,40,1,20,6,14,0,9,6,20,6,2,27,2,37,38,22,42,58,23,32,52,28,1,63,56,51,22,53,28,12,28,29,7
3/1/2018,47,50,13,30,42,2,14,31,12,52,68,85,34,2,28,25,13,0,10,10,29,5,2,24,2,39,34,23,55,69,26,32,53,29,0,56,53,42,32,56,24,13,28,29,7
4/1/2018,51,52,13,31,33,3,15,33,16,53,69,87,42,1,31,5,12,0,11,11,48,11,4,24,3,45,35,23,46,67,25,33,56,35,0,58,56,45,46,55,28,14,28,30,7
5/1/2018,48,56,14,27,26,4,17,32,14,56,73,85,40,1,28,37,13,0,12,10,46,26,8,23,3,50,36,24,40,66,23,36,54,32,0,59,57,45,41,63,28,16,29,31,8
6/1/2018,48,63,9,18,20,2,8,28,12,57,79,77,28,0,17,18,7,0,6,9,22,12,3,14,1,37,31,25,57,70,24,38,70,41,1,61,56,46,33,58,25,10,32,30,4
7/1/2018,48,72,9,18,20,2,8,28,12,62,78,78,28,1,16,3,8,0,6,42,26,12,1,13,2,35,32,25,54,69,22,39,62,35,0,63,58,50,42,59,23,11,30,30,4
8/1/2018,48,62,12,23,23,2,14,31,14,60,74,87,38,2,23,2,13,0,10,70,31,13,4,27,3,46,35,26,52,67,24,37,55,31,1,60,59,46,57,61,27,14,33,32,6
9/1/2018,48,59,13,25,26,2,14,27,14,63,73,87,42,2,21,1,11,0,12,59,37,9,5,26,5,51,35,28,48,78,22,36,62,35,1,59,60,42,53,64,23,15,33,31,7
10/1/2018,45,53,12,21,23,9,12,33,14,57,69,82,35,0,21,2,20,0,9,55,40,16,4,17,6,47,33,29,53,60,25,38,58,34,0,58,59,51,47,60,25,14,32,30,7
11/1/2018,43,57,12,20,21,22,12,29,16,61,73,85,36,0,20,1,43,28,8,51,33,10,6,16,5,45,34,30,52,74,23,47,64,34,1,64,58,47,58,62,28,12,36,35,4
12/1/2018,37,60,6,13,16,5,8,26,17,74,84,86,22,0,12,1,14,0,2,64,17,6,1,8,5,28,34,30,68,93,17,47,72,43,1,55,57,45,54,87,36,6,38,37,5
1/1/2019,61,76,9,19,22,3,14,31,17,68,90,89,30,0,14,1,10,0,4,58,18,5,2,11,7,30,32,34,75,80,28,57,100,39,0,100,63,68,27,64,27,7,42,33,4
2/1/2019,49,67,12,26,27,3,14,28,14,60,62,81,36,2,20,1,16,0,9,49,25,6,4,21,5,45,32,31,44,64,23,36,50,40,0,63,71,56,94,55,28,12,33,30,6
3/1/2019,41,70,13,28,40,9,11,27,12,54,64,85,38,1,18,1,14,0,9,29,33,7,2,21,4,47,33,31,49,72,26,39,61,45,1,60,63,46,50,56,26,13,35,29,4
4/1/2019,46,60,13,29,34,15,11,28,14,62,82,96,35,2,19,2,17,0,8,14,50,18,2,21,2,50,36,31,58,77,24,41,91,53,2,66,64,48,43,66,30,14,38,34,4
5/1/2019,45,66,13,27,27,3,12,31,15,64,80,93,36,2,20,1,11,0,10,14,41,19,6,23,3,52,34,31,50,79,21,39,58,46,1,62,65,48,53,64,29,16,38,32,4
6/1/2019,39,72,11,19,21,2,7,28,20,68,85,86,32,0,15,1,8,0,4,14,37,43,3,17,2,43,34,37,67,86,22,50,79,56,2,61,68,50,47,62,29,12,37,31,5
7/1/2019,41,67,11,21,22,7,8,26,16,70,88,82,34,0,16,2,12,0,7,13,26,10,3,14,2,41,33,33,61,81,22,50,72,44,1,65,72,54,49,62,30,12,36,33,5
8/1/2019,41,65,13,22,25,3,12,36,25,65,73,88,37,0,19,3,12,0,9,15,34,7,4,22,2,47,34,36,58,77,25,42,57,41,1,65,67,55,65,58,28,13,37,32,6
9/1/2019,39,63,13,23,24,42,11,34,20,63,64,87,39,2,20,3,19,0,9,15,40,6,3,23,2,49,34,37,49,79,24,37,50,48,0,57,66,53,55,60,25,13,35,30,6
10/1/2019,34,68,13,19,23,10,11,30,19,64,73,90,36,1,18,44,34,0,7,90,41,7,4,21,3,48,33,35,56,69,23,40,68,44,1,59,69,53,44,53,25,12,39,31,6
11/1/2019,32,63,12,20,20,100,10,30,20,65,71,81,32,1,14,4,62,0,6,94,40,11,3,17,2,45,34,36,57,77,21,66,62,47,2,59,65,58,51,60,30,11,36,36,4
12/1/2019,29,66,6,11,14,35,9,27,24,57,77,79,22,1,7,1,24,0,1,99,19,10,2,8,1,30,32,35,64,86,16,100,55,44,0,53,56,50,53,77,29,5,36,39,1
1/1/2020,51,70,11,19,22,16,10,27,25,76,100,87,31,1,11,1,14,0,2,100,26,6,3,11,1,35,36,36,78,88,27,61,67,45,2,91,77,77,32,60,34,7,41,36,2
2/1/2020,42,70,14,25,27,37,11,26,19,67,72,84,34,1,16,1,25,25,7,86,32,9,4,21,2,49,36,34,44,67,20,43,46,99,1,62,76,61,42,55,33,10,36,33,5
3/1/2020,29,80,33,24,27,3,10,31,39,57,48,77,31,1,42,1,13,21,15,82,29,5,3,25,2,45,35,30,25,49,16,30,27,53,2,37,49,51,27,55,54,12,41,26,4
4/1/2020,22,29,100,24,23,2,9,25,25,63,42,80,24,2,60,1,14,19,17,71,26,4,3,25,1,64,34,47,12,28,13,8,12,9,1,29,46,47,23,79,72,12,21,22,4
5/1/2020,25,45,47,28,30,2,11,24,22,59,52,89,29,2,28,1,16,23,14,81,34,7,5,27,2,77,46,50,14,45,14,10,9,23,1,51,49,46,13,81,71,15,29,30,4
6/1/2020,30,44,41,23,31,2,8,23,27,66,57,92,27,1,20,1,16,0,9,78,31,7,3,22,2,64,42,48,16,36,13,11,9,36,1,62,53,52,11,77,56,14,33,34,5
7/1/2020,31,34,33,21,35,1,7,20,22,70,58,96,25,1,16,1,11,0,6,79,33,7,2,18,1,58,40,50,16,41,11,10,8,44,1,59,62,70,10,73,39,13,60,36,5
8/1/2020,27,49,23,21,26,2,9,19,18,64,48,84,29,1,17,1,16,0,9,78,28,6,3,28,1,69,42,48,20,43,14,16,9,55,0,57,62,59,10,65,33,13,31,29,5
9/1/2020,31,62,21,25,26,4,10,22,19,64,58,86,34,2,17,1,34,0,8,69,35,8,3,26,2,85,40,48,30,67,18,30,9,55,0,51,65,58,12,61,33,14,36,31,12
10/1/2020,30,45,19,23,24,5,8,23,20,67,65,87,33,1,15,2,20,0,7,26,40,8,4,23,1,72,37,57,41,71,19,28,9,77,0,61,67,67,14,68,26,14,45,34,13
11/1/2020,25,39,19,19,20,5,7,21,26,60,62,82,27,0,15,100,17,0,6,27,80,20,5,19,2,64,34,56,38,70,17,27,10,97,3,55,59,62,14,62,22,12,37,36,17
12/1/2020,22,46,11,10,15,1,7,25,33,62,64,85,20,0,9,2,5,0,2,19,23,10,1,11,1,39,35,49,44,91,14,32,12,99,1,54,66,70,16,92,21,6,36,40,5
1/1/2021,34,43,14,15,20,1,8,21,30,70,63,84,24,0,9,1,6,0,2,17,17,6,2,11,0,44,35,43,55,73,18,35,11,88,0,77,67,76,11,67,24,6,35,37,2
2/1/2021,28,41,14,22,24,2,9,19,24,60,59,80,27,1,14,2,15,0,5,15,28,4,1,19,1,61,33,49,36,67,15,26,12,80,1,60,69,71,8,59,18,10,39,29,5
3/1/2021,27,52,18,30,36,2,9,20,23,66,65,86,32,2,15,1,21,0,8,20,63,18,4,22,2,81,38,59,44,75,18,32,19,93,2,54,68,75,9,62,22,13,43,36,13
4/1/2021,25,50,15,24,24,28,9,20,21,59,54,80,26,1,14,2,35,0,8,16,41,8,4,18,1,77,34,66,32,57,17,24,14,92,3,53,63,70,16,60,18,12,38,28,6
5/1/2021,21,51,17,20,20,82,8,20,26,59,48,72,23,0,12,2,100,0,7,14,33,7,2,17,1,65,30,82,29,55,14,33,11,97,1,47,60,63,10,56,21,11,80,27,7
6/1/2021,25,53,14,15,19,19,6,20,27,65,61,75,23,1,11,8,29,0,5,15,37,11,3,13,1,54,29,82,47,74,16,37,45,77,1,50,65,87,11,59,19,9,42,31,5
7/1/2021,23,55,14,15,18,6,5,19,28,66,65,74,22,1,11,1,20,0,4,14,34,7,2,13,0,51,29,92,48,100,18,41,39,74,1,58,69,86,10,55,19,9,41,40,3
8/1/2021,21,55,15,20,20,7,8,20,30,73,62,85,31,1,15,1,24,0,6,16,52,17,3,18,1,74,34,94,51,93,18,41,28,79,1,59,68,72,28,60,18,12,47,33,14
9/1/2021,20,56,16,21,22,6,8,23,25,66,64,82,31,1,14,1,26,0,6,14,42,11,2,17,1,75,32,100,42,76,18,40,23,100,2,50,77,70,32,60,16,12,37,31,11
10/1/2021,17,56,14,17,18,3,8,22,26,66,60,81,31,0,13,1,17,0,5,16,50,13,4,15,1,64,30,62,49,74,16,42,29,88,1,57,69,61,29,58,16,10,39,31,10
11/1/2021,17,62,14,18,20,5,10,22,28,71,65,86,32,1,14,5,19,0,5,14,51,12,3,16,1,70,31,57,49,76,16,56,37,90,1,54,70,70,50,63,18,11,38,33,8
12/1/2021,14,59,8,10,13,2,11,21,34,72,64,76,24,0,7,4,4,0,2,12,27,8,1,9,0,39,29,50,52,84,12,49,52,100,1,47,73,69,77,81,16,5,42,38,0
1/1/2022,28,73,14,13,17,2,14,19,35,91,77,90,34,0,9,5,10,0,1,12,24,5,0,9,0,48,30,74,69,92,19,66,37,85,2,87,100,100,66,60,23,6,45,35,4
2/1/2022,26,82,18,25,27,16,14,19,29,84,66,95,42,2,18,8,19,0,6,14,48,13,3,25,1,88,31,67,44,78,19,49,27,88,2,64,82,79,48,54,20,12,47,40,6
3/1/2022,20,85,18,30,37,5,13,24,37,80,62,94,38,0,28,38,23,0,6,15,51,14,4,22,1,93,32,71,48,78,21,47,29,87,1,52,72,76,100,53,20,12,49,33,11
4/1/2022,23,82,15,26,29,11,14,22,34,80,69,92,40,2,15,6,55,0,5,14,62,24,4,22,1,83,33,72,53,88,21,52,36,92,1,52,72,70,78,57,23,12,49,35,6
5/1/2022,20,80,16,22,22,13,15,25,39,79,63,87,36,2,16,40,27,0,7,15,60,13,5,23,2,80,35,71,42,83,18,49,36,87,1,46,72,70,63,56,21,12,46,31,8
6/1/2022,24,93,12,16,20,3,13,28,68,95,67,91,35,0,17,35,14,0,5,17,80,19,3,19,1,66,33,75,55,79,18,57,39,73,1,48,79,78,51,56,19,10,51,38,15
7/1/2022,24,92,12,17,20,4,15,28,100,87,73,99,43,1,16,2,18,0,6,14,50,14,3,15,1,64,33,78,58,90,17,62,48,71,1,62,82,72,70,57,23,10,56,36,8
8/1/2022,21,85,14,20,22,5,13,22,61,100,60,86,42,1,16,1,13,0,7,15,52,10,4,22,1,81,34,83,47,69,17,51,30,76,3,50,80,72,73,53,21,12,51,37,8
9/1/2022,21,71,14,20,21,7,13,24,50,87,59,91,45,1,15,1,28,0,6,15,61,10,3,22,1,78,33,90,43,72,18,47,29,93,2,47,82,68,94,54,18,12,100,39,15
10/1/2022,19,71,12,17,18,3,15,25,69,84,58,99,45,1,14,3,20,0,6,16,88,17,4,22,1,77,30,100,45,69,18,45,35,100,1,45,79,65,80,52,22,11,54,42,11
11/1/2022,20,70,12,17,18,6,14,26,90,86,56,96,44,1,13,2,60,0,4,16,100,16,4,19,1,72,30,100,42,68,17,45,32,98,2,48,78,69,68,51,20,11,49,39,13
12/1/2022,14,75,10,9,14,3,14,21,57,77,60,87,35,0,7,1,5,0,1,12,39,7,3,10,1,37,28,93,46,78,13,49,43,87,0,42,84,68,72,73,20,5,44,39,5
1/1/2023,27,100,13,13,20,10,21,22,80,95,75,95,51,1,9,1,13,0,2,14,68,21,2,10,1,47,29,91,62,82,20,67,53,72,0,83,89,94,42,55,26,6,64,38,10
2/1/2023,26,99,15,23,26,48,16,23,61,84,65,100,55,1,13,1,55,0,5,11,51,7,3,23,2,78,32,72,39,66,18,52,41,71,2,58,94,90,53,54,25,11,60,39,7
3/1/2023,24,89,16,26,36,6,14,24,52,89,55,93,59,1,13,1,22,0,6,14,83,17,4,26,3,82,34,69,37,65,19,44,34,60,1,45,87,69,50,52,25,11,61,33,14
4/1/2023,19,88,14,23,24,3,14,24,71,78,66,88,51,1,13,1,20,0,6,13,63,10,3,18,5,80,31,66,41,74,17,44,57,68,1,46,86,65,53,55,27,11,62,36,6
5/1/2023,21,87,15,23,25,3,14,23,56,83,61,96,46,0,14,2,15,0,6,15,64,7,4,19,14,80,36,68,37,75,16,46,42,60,1,45,87,67,50,56,25,12,78,46,13
6/1/2023,20,100,12,16,18,3,10,23,84,83,70,90,43,0,11,2,20,0,3,13,55,8,4,15,11,61,33,79,48,75,15,51,44,51,1,47,94,63,46,57,25,8,69,41,8
7/1/2023,18,92,12,16,20,4,11,23,91,88,69,94,44,1,12,4,12,0,4,15,59,8,2,12,12,58,31,73,46,73,17,53,67,50,1,49,94,67,62,56,26,9,68,40,6
8/1/2023,18,73,13,17,19,14,11,23,83,81,56,84,44,1,13,5,20,0,5,13,57,9,3,20,6,74,30,72,37,62,21,47,37,52,0,39,90,69,51,49,24,10,78,35,7
9/1/2023,17,74,14,18,20,3,11,21,55,76,55,85,45,0,13,4,23,29,5,13,56,5,2,20,5,65,32,67,35,62,21,44,42,59,1,41,88,59,62,54,22,10,63,39,5
10/1/2023,16,73,14,16,18,7,11,21,60,78,57,90,43,1,13,53,19,0,3,15,81,6,3,16,8,67,29,71,37,60,20,45,35,58,0,43,89,62,70,52,22,10,55,36,8
11/1/2023,15,72,15,15,18,2,14,21,60,77,58,83,45,0,12,11,12,31,3,15,97,10,0,12,19,67,32,66,40,65,16,44,34,56,1,44,96,59,80,56,25,10,68,39,9
